Source,Destination,Agent,Route,Path Cost,Nodes Explored,Execution Time
Reception of Calcutta University,Library,PATHFINDER,Reception of Calcutta University -> Power Area -> Playground of Technology Campus -> Parking Area -> tower 2 rear entry -> Library,27,6,0.000218
Reception of Calcutta University,Library,ORBIT,Reception of Calcutta University -> Power Area -> Playground of Technology Campus -> tower 2 front entry -> Lift Area -> Library,25,6,0.000191
"Canteen, CU Technology Campus",New Building 2 (Workshop Building),PATHFINDER,"Canteen, CU Technology Campus -> Entry Gate 1 (G1) -> Auditorium Hall -> New Building 2 (Workshop Building)",21,4,0.000102
"Canteen, CU Technology Campus",New Building 2 (Workshop Building),ORBIT,"Canteen, CU Technology Campus -> Entry Gate 1 (G1) -> Auditorium Hall -> New Building 2 (Workshop Building)",21,4,0.000095
Entry Gate 1 (G1),CSE Laboratory,PATHFINDER,"Entry Gate 1 (G1) -> Canteen, CU Technology Campus -> Reception of Calcutta University -> Power Area -> Playground of Technology Campus -> tower 2 front entry -> Lift Area -> CSE Laboratory",43,8,0.000307
Entry Gate 1 (G1),CSE Laboratory,ORBIT,"Entry Gate 1 (G1) -> Canteen, CU Technology Campus -> Reception of Calcutta University -> Power Area -> Playground of Technology Campus -> tower 2 front entry -> Lift Area -> CSE Laboratory",43,8,0.000328
Auditorium Hall,CSE AKC Seminar Hall,PATHFINDER,Auditorium Hall -> CRNN Centre (Nano Technology) -> Reception of Calcutta University -> Power Area -> Playground of Technology Campus -> tower 2 front entry -> Lift Area -> CSE Laboratory -> CSE AKC Seminar Hall,53,9,0.000395
Auditorium Hall,CSE AKC Seminar Hall,ORBIT,Auditorium Hall -> CRNN Centre (Nano Technology) -> Reception of Calcutta University -> Power Area -> Playground of Technology Campus -> tower 2 front entry -> Lift Area -> CSE Laboratory -> CSE AKC Seminar Hall,53,9,0.000367
Library,"Canteen, CU Technology Campus",PATHFINDER,"Library -> tower 2 rear entry -> Parking Area -> Playground of Technology Campus -> Power Area -> Reception of Calcutta University -> Canteen, CU Technology Campus",31,7,0.000202
Library,"Canteen, CU Technology Campus",ORBIT,"Library -> Lift Area -> tower 2 front entry -> Playground of Technology Campus -> Power Area -> Reception of Calcutta University -> Canteen, CU Technology Campus",29,7,0.000238
Entry Gate 1 (G1),Library,PATHFINDER,"Entry Gate 1 (G1) -> Canteen, CU Technology Campus -> Reception of Calcutta University -> Power Area -> Playground of Technology Campus -> Parking Area -> tower 2 rear entry -> Library",35,8,0.000286
Entry Gate 1 (G1),Library,ORBIT,"Entry Gate 1 (G1) -> Canteen, CU Technology Campus -> Reception of Calcutta University -> Power Area -> Playground of Technology Campus -> tower 2 front entry -> Lift Area -> Library",33,8,0.000252
Entry Gate 1 (G1),Lift Area,PATHFINDER,"Entry Gate 1 (G1) -> Canteen, CU Technology Campus -> Reception of Calcutta University -> Power Area -> Playground of Technology Campus -> tower 2 front entry -> Lift Area",31,7,0.000205
Entry Gate 1 (G1),Lift Area,ORBIT,"Entry Gate 1 (G1) -> Canteen, CU Technology Campus -> Reception of Calcutta University -> Power Area -> Playground of Technology Campus -> tower 2 front entry -> Lift Area",31,7,0.000197
CSE Laboratory,Library,PATHFINDER,CSE Laboratory -> Lift Area -> tower 2 rear entry -> Library,25,4,0.000078
CSE Laboratory,Library,ORBIT,CSE Laboratory -> Lift Area -> tower 2 rear entry -> Library,25,4,0.000070
